,name,age,number,nationality,club,date born,height,weight,pos,feet,nat team
0,Lucas Ezequiel Galarza Fonda,22.0,1.0,Paraguay,Always Ready,2000-10-18,,,Portero,,
1,Gustavo Leonardo Claros de Souza,24.0,12.0,Bolivia,Always Ready,1998-04-03,184.0,88.0,Portero,,
2,Carlos Alexander Mosquera Blandón,28.0,13.0,Colombia,Always Ready,1994-10-19,191.0,83.0,Portero,,
3,Jimmy Leandro Roca Salazar,23.0,23.0,Bolivia,Always Ready,1998-04-03,184.0,88.0,Portero,,
4,Leandro Gareca Fernández,31.0,,Bolivia,Always Ready,1991-06-23,,,Defensa,,
5,Enrique Taborga,20.0,15.0,Bolivia,Always Ready,2002-03-04,,,Centrocampista,,
6,Jorge Enrique Flores Yrahory,28.0,19.0,Bolivia,Always Ready,1994-01-02,175.0,72.0,Defensa,Izquierda,
7,Alex Enrique Rambal Ramírez,30.0,21.0,Colombia,Always Ready,1992-09-24,183.0,70.0,Defensa,Derecha,
8,Pablo Delmar Vaca Justiniano,20.0,24.0,Bolivia,Always Ready,2002-05-31,181.0,77.0,Delantero,,
9,Nelson David Cabrera Báez,39.0,26.0,Bolivia,Always Ready,1983-04-22,191.0,84.0,Defensa,Derecha,
10,Diego Daniel Medina Roman,20.0,27.0,Bolivia,Always Ready,2002-01-13,,,Defensa,,Bolivia
11,Juan Sergio Adrián Rodriguez,26.0,29.0,Bolivia,Always Ready,1996-08-03,,,Defensa,,
12,Denilson Choque,24.0,33.0,Bolivia,Always Ready,1998-09-23,,,Defensa,,
13,Luis Rivas,21.0,,Bolivia,Always Ready,1994-09-04,168.0,68.0,Centrocampista,,
14,Sebastián Matías Claure Sanz,23.0,,Bolivia,Always Ready,1999-10-26,182.0,71.0,Centrocampista,,
15,Alejandro Saúl Chumacero Bracamonte,31.0,3.0,Bolivia,Always Ready,1991-04-22,164.0,60.0,Centrocampista,Derecha,
16,Marc Francois Enoumba,29.0,4.0,Camerún,Always Ready,1993-04-03,183.0,81.0,Defensa,,Bolivia
17,Carmelo Algarañaz Añez,26.0,7.0,Bolivia,Always Ready,1996-01-27,175.0,76.0,Delantero,,
18,Gustavo Alberto Cristaldo Britez,33.0,10.0,Paraguay,Always Ready,1989-05-31,169.0,65.0,Centrocampista,Izquierda,
19,Samuel Galindo Suheiro,30.0,11.0,Bolivia,Always Ready,1992-04-18,190.0,70.0,Centrocampista,,
20,José Carlos Martínez Garzón,20.0,14.0,Bolivia,Always Ready,2002-09-18,,,Centrocampista,,
21,Juan Carlos Arce Justiniano,37.0,17.0,Bolivia,Always Ready,1985-10-04,176.0,70.0,Delantero,Derecha,
22,Dimar Osvaldo Ortega Ojeda,27.0,18.0,Bolivia,Always Ready,1994-12-29,182.0,76.0,Delantero,,
23,Denilson Valda Martinez,25.0,22.0,Bolivia,Always Ready,1997-06-21,177.0,65.0,Defensa,,
24,Elkin Blanco Rivas,33.0,23.0,Colombia,Always Ready,1989-09-05,179.0,79.0,Centrocampista,Derecha,
25,Juan Pablo Sanchez Chanvey,31.0,24.0,Bolivia,Always Ready,1991-01-07,,,Centrocampista,,
26,Gonzalo Reynaldo Añazgo,25.0,28.0,Argentina,Always Ready,1997-08-03,,,Centrocampista,Izquierda,
27,Edwin Rivera Sifuentes,33.0,30.0,Bolivia,Always Ready,1989-01-09,180.0,77.0,Centrocampista,,
28,Erik Ariel Cortez Vargas,21.0,38.0,Bolivia,Always Ready,2001-12-03,,,Centrocampista,,
29,Moises Paniagua,15.0,40.0,Bolivia,Always Ready,2007-08-16,,,Centrocampista,,
30,Matias Galindo,16.0,41.0,Bolivia,Always Ready,2006-10-04,,,Centrocampista,,
31,Edarlin Reyes Ureña,25.0,99.0,República Dominicana,Always Ready,1997-09-30,175.0,68.0,Centrocampista,Izquierda,República Dominicana
32,Fernando Adrián,32.0,,Argentina,Always Ready,1989-11-26,,,Delantero,,
33,Rodrigo Luis Ramallo Cornejo,32.0,8.0,Bolivia,Always Ready,1990-10-14,178.0,70.0,Delantero,Derecha,Bolivia
34,Marcos Daniel Riquelme,34.0,9.0,Argentina,Always Ready,1988-02-18,179.0,,Delantero,,
35,Roler Ferrufino Arauz,22.0,20.0,Bolivia,Always Ready,2000-10-10,,,Delantero,,
36,Jonathan Darwin Borja Colorado,28.0,25.0,Ecuador,Always Ready,1994-05-04,171.0,,Centrocampista,,
37,Bryan Wenceslao Espinoza,19.0,31.0,Bolivia,Always Ready,2003-03-01,,,Delantero,,
38,Alejandro William Torres Suárez,24.0,1.0,Bolivia,Atletico Palmaflor,1998-03-18,,,Portero,,
39,Gustavo Salvatierra García,30.0,12.0,Bolivia,Atletico Palmaflor,1992-05-24,185.0,73.0,Portero,,
40,Edilson Beimar Vásquez Flores,20.0,23.0,Bolivia,Atletico Palmaflor,2002-10-24,,,Portero,,
41,Alexander Pinto,25.0,,Bolivia,Atletico Palmaflor,1997-11-04,,,Defensa,,
42,Diego Valencia,29.0,,Bolivia,Atletico Palmaflor,1993-04-28,,,Defensa,,
43,Jennry Alaca Maconde,35.0,3.0,Bolivia,Atletico Palmaflor,1986-11-14,175.0,74.0,Delantero,,
44,Iván Gonzálo Vidaurre Mejía,35.0,4.0,Bolivia,Atletico Palmaflor,1987-02-02,,,Centrocampista,,
45,Pablo Elías Pedraza Bustos,27.0,6.0,Bolivia,Atletico Palmaflor,1995-10-03,,,Defensa,,
46,Walter Humberto Rioja Ugarte,29.0,14.0,Bolivia,Atletico Palmaflor,1993-08-26,180.0,74.0,Defensa,,
47,Jordy Joan Candía Zeballos,26.0,21.0,Bolivia,Atletico Palmaflor,1996-04-20,179.0,72.0,Defensa,,
48,Joaquín Adán Lencinas,34.0,26.0,Argentina,Atletico Palmaflor,1988-11-05,182.0,80.0,Defensa,Derecha,
49,Allans Josué Vargas Murillo,29.0,27.0,Honduras,Atletico Palmaflor,1993-09-25,184.0,,Defensa,,Honduras
50,Diego Corpus Marca,19.0,37.0,Bolivia,Atletico Palmaflor,2003-07-09,,,Defensa,,
51,Ronaldo Daniel Arancibia Cervantes,22.0,2.0,Bolivia,Atletico Palmaflor,2000-01-15,,,Centrocampista,,
52,Santiago Arce Añazgo,22.0,5.0,Bolivia,Atletico Palmaflor,2000-05-30,,,Centrocampista,,
53,Erlan Boris Condori Galvarro,25.0,8.0,Bolivia,Atletico Palmaflor,1997-05-31,,,Centrocampista,,
54,Igor Soares Santana,27.0,10.0,Brasil,Atletico Palmaflor,1995-07-13,,,Centrocampista,,
55,Gerardo Maximiliano Gómez,34.0,11.0,Argentina,Atletico Palmaflor,1988-03-01,180.0,69.0,Centrocampista,Derecha,
56,Eddin Apaza,26.0,15.0,Bolivia,Atletico Palmaflor,1996-12-06,,,Centrocampista,,
57,Ariel Juárez Montaño,34.0,15.0,Bolivia,Atletico Palmaflor,1988-03-26,166.0,61.0,Defensa,Derecha,
58,Didí Torrico Camacho,34.0,17.0,Bolivia,Atletico Palmaflor,1988-05-18,177.0,74.0,Centrocampista,,
59,Adalid Terrazas Abasto,22.0,19.0,Bolivia,Atletico Palmaflor,2000-08-25,175.0,62.0,Centrocampista,,
60,Amílcar Álvaro Sánchez Guzmán,31.0,20.0,Bolivia,Atletico Palmaflor,1991-01-23,166.0,68.0,Defensa,Derecha,
61,Denilzon Ramallo Arze,24.0,22.0,Bolivia,Atletico Palmaflor,1998-05-20,,,Delantero,,
62,Jose Andres Alipaz,,24.0,Bolivia,Atletico Palmaflor,,,,Centrocampista,,
63,Stiven Josue Vargas Chavez,20.0,27.0,Bolivia,Atletico Palmaflor,2002-01-03,,,Centrocampista,,
64,Deybi Shidain Ancieta Lara,19.0,32.0,Bolivia,Atletico Palmaflor,2002-11-14,,,Centrocampista,,
65,Shedeer Cadima,26.0,,Bolivia,Atletico Palmaflor,1996-07-16,,63.0,Delantero,,
66,Ruben Solares,30.0,,Bolivia,Atletico Palmaflor,1992-02-15,,,Delantero,,
67,Freddy Alessandro Abastoflor Molina,29.0,7.0,Bolivia,Atletico Palmaflor,1993-10-01,178.0,66.0,Centrocampista,,
68,Wesley Tanque da Silva,26.0,9.0,Brasil,Atletico Palmaflor,1996-07-14,186.0,85.0,Delantero,,
69,Bismark Ubah,28.0,16.0,Nigeria,Atletico Palmaflor,1994-05-01,,,Delantero,,
70,Jean Christophe Bahebeck,29.0,18.0,Francia,Atletico Palmaflor,1993-01-05,182.0,76.0,Delantero,Derecha,
71,Balamine Savane,30.0,25.0,Francia,Atletico Palmaflor,1992-01-15,,,Delantero,,
72,Erverson Luís dos Santos Alves,24.0,30.0,Brasil,Atletico Palmaflor,1998-01-18,,,Delantero,,
73,Carlos Aurelio López Rubio,31.0,,México,Aurora,1991-03-21,187.0,78.0,Portero,Derecha,
74,Agustín Sebastián Cousillas,32.0,1.0,Argentina,Aurora,1990-04-19,182.0,77.0,Portero,Derecha,
75,David Joel Torrico Claros,36.0,13.0,Bolivia,Aurora,1986-10-24,173.0,65.0,Portero,,
76,David Akologo,24.0,99.0,Ghana,Aurora,1997-11-15,,,Portero,,
77,Dico Andrés Roca Montaño,26.0,,Bolivia,Aurora,1996-10-22,172.0,67.0,Defensa,,
78,Luis Fernando Copete Murillo,33.0,,Nicaragua,Aurora,1989-12-02,187.0,86.0,Defensa,Derecha,
79,Daniel Nicoll Taboada Caballero,32.0,2.0,Bolivia,Aurora,1990-08-06,177.0,67.0,Defensa,,
80,Luis René Barboza Quiróz,29.0,3.0,Bolivia,Aurora,1993-02-04,176.0,73.0,Defensa,Derecha,
81,Fernando Aguilar Dorado,25.0,4.0,Bolivia,Aurora,1997-11-04,,,Centrocampista,,
82,Carlos Leonardo Cejas Albis,18.0,6.0,Bolivia,Aurora,2004-10-01,,,Defensa,,
83,Jair Torrico Camacho,36.0,12.0,Bolivia,Aurora,1986-02-09,174.0,70.0,Defensa,,
84,Sebastián Zaracho,23.0,15.0,Paraguay,Aurora,1999-01-20,186.0,74.0,Defensa,,
85,Edward Mauro Zenteno Álvarez,37.0,22.0,Bolivia,Aurora,1984-05-12,182.0,75.0,Defensa,,
86,Diago Giménez Flamminini,25.0,32.0,Argentina,Aurora,1997-01-05,,,Defensa,Izquierda,
87,Marcelo Flores,30.0,36.0,Bolivia,Aurora,1993-10-17,,,Centrocampista,,
88,Paolo Andrés Alcocer Rojas,22.0,5.0,Bolivia,Aurora,2000-03-09,,,Centrocampista,,
89,Darío Osmar Torrico Espejo,22.0,10.0,Bolivia,Aurora,2000-10-18,,,Centrocampista,,
90,Leonardo Vaca Gutiérrez,26.0,11.0,Bolivia,Aurora,1995-11-24,,,Centrocampista,,
91,Brayan Aranibar Zenteno,24.0,14.0,Bolivia,Aurora,1998-07-15,,,Centrocampista,,
92,Maximiliano Francisco Lugo,32.0,16.0,Argentina,Aurora,1989-04-12,,,Defensa,Izquierda,
93,Jaime Alberto Cornejo Valencia,28.0,17.0,Bolivia,Aurora,1994-09-20,,,Centrocampista,,
94,Pablo Enrique Anibarro Pinto,24.0,18.0,Bolivia,Aurora,1997-11-17,,,Centrocampista,,
95,Gabriel Montaño Moizán,17.0,19.0,Bolivia,Aurora,2005-02-15,,,Delantero,,
96,Miguel Alejandro Quiroga Castillo,31.0,20.0,Bolivia,Aurora,1991-09-15,175.0,68.0,Centrocampista,,
97,Luis René Barboza,29.0,22.0,Bolivia,Aurora,1993-02-04,,,Centrocampista,,
98,Simón Bebeto García Vivancos,23.0,23.0,Bolivia,Aurora,1999-09-07,,,Defensa,Izquierda,
99,Enrique Flores Patiño,20.0,24.0,Bolivia,Aurora,2002-01-05,167.0,62.0,Centrocampista,,
100,Leandro Marcelo Maygua Ríos,30.0,26.0,Bolivia,Aurora,1992-12-09,175.0,63.0,Centrocampista,Derecha,
101,Omar Jesus Morales Paz,34.0,28.0,Bolivia,Aurora,1988-01-18,,,Centrocampista,,
102,Enrique Troncoso Caiti,21.0,33.0,Bolivia,Aurora,2001-05-08,184.0,79.0,Centrocampista,,
103,Favio Galvarro,28.0,37.0,Bolivia,Aurora,1994-07-26,187.0,,Portero,Izquierda,
104,Robin Raúl Ramos García,24.0,,Venezuela,Aurora,1998-05-08,170.0,62.0,Delantero,Derecha,
105,José Carlos Muñoz López,28.0,,Bolivia,Aurora,1994-09-21,,,Delantero,,
106,Oswaldo Enrique Blanco Mancilla,32.0,7.0,Colombia,Aurora,1990-05-21,184.0,85.0,Delantero,Derecha,
107,Sergio Alejandro Moruno Antezana,29.0,8.0,Bolivia,Aurora,1993-08-06,171.0,66.0,Delantero,,
108,Denis Franklin Pinto Saavedra,27.0,9.0,Bolivia,Aurora,1995-08-25,,,Delantero,,
109,Alejandro Martín Barrón Pinheiro,23.0,16.0,Bolivia,Aurora,1999-07-27,178.0,68.0,Delantero,,
110,Thabiso Nelson Brown,28.0,21.0,Lesoto,Aurora,1994-05-03,,,Delantero,,
111,Kevin De Souza,23.0,21.0,Brasil,Aurora,1999-09-29,,,Delantero,,
112,Enzo Damián Maidana,34.0,27.0,Argentina,Aurora,1988-01-13,187.0,75.0,Delantero,Derecha,
113,Pedro Fabián Muné,24.0,29.0,Argentina,Aurora,1997-11-17,,,Delantero,,
114,Marcelo Portuncho,23.0,39.0,Bolivia,Aurora,1999-03-27,,,Centrocampista,,
115,Viviani Ancieta,21.0,77.0,Bolivia,Aurora,2001-01-15,,,Delantero,,
116,Braulio Uraezaña Cuñaendi,27.0,1.0,Bolivia,Blooming,1995-03-26,186.0,80.0,Portero,,
117,Carlos Felipe Jiménez Toledo,20.0,12.0,Bolivia,Blooming,2001-11-11,,,Portero,,
118,José Feliciano Peñarrieta Flores,33.0,13.0,Bolivia,Blooming,1988-11-18,185.0,80.0,Portero,Derecha,
119,Brayan Sosa,,,Bolivia,Blooming,,,,Defensa,,
120,Fabián Marcelo Mendieta Peña,27.0,,Bolivia,Blooming,1995-11-09,,,Defensa,,
121,Jesús Manuel Sagredo Chávez,28.0,2.0,Bolivia,Blooming,1994-10-03,,,Defensa,,
122,Saúl Wilfredo Severiche Cuellar,20.0,3.0,Bolivia,Blooming,2002-05-17,177.0,73.0,Defensa,,
123,Ervin Ernesto Montero Antelo,21.0,5.0,Bolivia,Blooming,2000-11-16,,,Centrocampista,,
124,Erwin Junior Sánchez Paniagua,30.0,19.0,Bolivia,Blooming,1992-07-23,198.0,77.0,Centrocampista,,
125,Nahuel Nicolás Iribarren,34.0,21.0,Argentina,Blooming,1988-02-02,182.0,80.0,Defensa,,
126,Gustavo Alexis Visalla Condori,19.0,26.0,Bolivia,Blooming,2002-08-11,174.0,66.0,Defensa,,
127,Abraham Cabrera Scapin,31.0,31.0,Bolivia,Blooming,1991-02-20,180.0,77.0,Defensa,Izquierda,
128,Darlan Noronha Lopes,23.0,44.0,Brasil,Blooming,1999-01-04,,,Defensa,,
129,Guilmar Centella Bazan,17.0,,Bolivia,Blooming,2005-03-26,160.0,59.0,Centrocampista,,
130,James Alfredo Kremser Trujillo,20.0,,Bolivia,Blooming,2002-03-25,,,Centrocampista,,
131,Richard Spenhay Arauz,25.0,6.0,Bolivia,Blooming,1997-09-09,,,Centrocampista,,
132,Cristian Paul Arano Ruiz,27.0,8.0,Bolivia,Blooming,1995-02-23,187.0,70.0,Centrocampista,,
133,Joselito Vaca Velasco,40.0,10.0,Bolivia,Blooming,1982-12-08,168.0,60.0,Centrocampista,Derecha,
134,Julio Héctor Herrera Farel,23.0,11.0,Bolivia,Blooming,1999-11-02,,,Centrocampista,,
135,Pablo César Luján García,19.0,14.0,Bolivia,Blooming,2003-02-26,,,Centrocampista,,
136,Rafinha,30.0,15.0,Brasil,Blooming,1991-12-20,174.0,65.0,Centrocampista,,
137,José Fernando Arismendi Peralta,31.0,16.0,Uruguay,Blooming,1991-03-31,175.0,70.0,Centrocampista,Derecha,
138,Christian Marcelo Latorre Long,35.0,18.0,Uruguay,Blooming,1987-04-17,185.0,75.0,Centrocampista,Derecha,
139,Edward Vaca Hurtado,23.0,20.0,Bolivia,Blooming,1999-09-30,171.0,65.0,Centrocampista,,
140,Junior Ariel Brítez Chaves,25.0,23.0,Paraguay,Blooming,1997-01-19,171.0,67.0,Centrocampista,,
141,Jorge Eduardo Lovera,25.0,24.0,Bolivia,Blooming,1997-04-18,,77.0,Centrocampista,,
142,Rodrigo Asur Orihuela Rivero,19.0,24.0,Bolivia,Blooming,2003-08-28,,,Centrocampista,,
143,Clody Junior Menacho Salvatierra,20.0,25.0,Bolivia,Blooming,2001-08-11,,,Centrocampista,,
144,César Benjamín Romero Ortíz,21.0,30.0,Bolivia,Blooming,2001-03-08,,,Centrocampista,,
145,José María Carrasco Sanguino,25.0,55.0,Bolivia,Blooming,1997-08-16,186.0,78.0,Centrocampista,Derecha,
146,Matheo Becerra Suarez Arana,17.0,,Bolivia,Blooming,2005-01-06,180.0,68.0,Delantero,,
147,Denilson Durán Zabala,19.0,4.0,Bolivia,Blooming,2003-03-24,175.0,68.0,Delantero,,
148,Jefferson Tavares da Silva,32.0,9.0,Brasil,Blooming,1989-11-22,187.0,92.0,Delantero,Derecha,
149,Jorge Nelson Orozco Quiroga,22.0,22.0,Bolivia,Blooming,2000-01-24,,,Delantero,,
150,Marcelo De Lima Castro,17.0,27.0,Bolivia,Blooming,2005-08-04,175.0,73.0,Defensa,,
151,Santos Rodrigo Navarro Arteaga,31.0,32.0,Bolivia,Blooming,1990-11-20,,,Centrocampista,,
152,Sergio Andres Ferreira Rojas,18.0,33.0,Bolivia,Blooming,2003-11-17,181.0,73.0,Delantero,,
153,Ramiro Eguez Lima,18.0,38.0,Bolivia,Blooming,2004-03-16,,,Centrocampista,,
154,Javier Rojas Iguaro,26.0,1.0,Bolivia,Bolivar,1996-01-14,186.0,88.0,Portero,,
155,Rubén Cordano Justiniano,24.0,12.0,Bolivia,Bolivar,1998-10-16,185.0,74.0,Portero,,
156,Carlos Mauricio Adorno Patiño,21.0,25.0,Bolivia,Bolivar,2001-03-04,,,Portero,,
157,César Henrique Martins,29.0,2.0,Brasil,Bolivar,1992-12-28,190.0,77.0,Defensa,Derecha,
158,José Manuel Sagredo Chávez,28.0,4.0,Bolivia,Bolivar,1994-10-03,180.0,76.0,Defensa,,Bolivia
159,Juan Sebastián Reyes Farrel,25.0,5.0,Bolivia,Bolivar,1997-12-03,189.0,74.0,Defensa,,
160,Jean Pool Cartagena Montaño,23.0,30.0,Bolivia,Bolivar,1999-05-05,187.0,66.0,Defensa,,
161,Luis Fernando Haquín Lopez,24.0,30.0,Bolivia,Bolivar,1997-11-15,190.0,76.0,Defensa,Derecha,Bolivia
162,Christian Osinaga,18.0,33.0,Bolivia,Bolivar,2004-01-21,,,Defensa,,
163,Clemison Junior Da Silva Castaneta,19.0,36.0,Bolivia,Bolivar,2003-08-04,,,Centrocampista,,
164,Marcelo Fabián Benítez,33.0,,Argentina,Bolivar,1989-05-29,177.0,,Centrocampista,Derecha,
165,Yomar Rocha,,,Bolivia,Bolivar,,,,Centrocampista,,
166,Diego Bejarano Ibañez,31.0,8.0,Bolivia,Bolivar,1991-08-24,174.0,70.0,Defensa,Derecha,Bolivia
167,Kevin Francisco Salvatierra Flores,21.0,10.0,Bolivia,Bolivar,2001-05-08,,,Centrocampista,,
168,Yomar Rene Rocha Rodriguez,19.0,14.0,Bolivia,Bolivar,2003-06-23,178.0,61.0,Centrocampista,,
169,Gabriel Alejandro Villamíl Cortéz,21.0,15.0,Bolivia,Bolivar,2001-06-28,,,Centrocampista,,Bolivia
170,Carlos Antonio Melgar Vargas,27.0,18.0,Bolivia,Bolivar,1994-04-11,170.0,69.0,Centrocampista,,
171,Alberto Guitián Ceballos,32.0,20.0,España,Bolivar,1990-07-29,182.0,74.0,Defensa,Derecha,
172,Roberto Carlos Fernández Toro,23.0,21.0,Bolivia,Bolivar,1999-12-07,175.0,70.0,Defensa,Izquierda,Bolivia
173,Leonel Justiniano Arauz,30.0,23.0,Bolivia,Bolivar,1992-02-07,172.0,70.0,Centrocampista,Derecha,Bolivia
174,Javier Uzeda Alderete,20.0,24.0,Bolivia,Bolivar,2002-07-31,,,Centrocampista,,
175,Rai Pablo Lima Martínez,22.0,26.0,Bolivia,Bolivar,2000-06-04,,,Centrocampista,,
176,Juan Pablo Magallanes Ribera,19.0,28.0,Bolivia,Bolivar,2003-02-01,,,Centrocampista,,
177,Moisés Villarroel Angúlo,24.0,29.0,Bolivia,Bolivar,1998-07-09,177.0,74.0,Centrocampista,Izquierda,Bolivia
178,Leonardo Velasco,19.0,32.0,Bolivia,Bolivar,2003-02-02,,,Centrocampista,,
179,Santiago Paz,18.0,35.0,Bolivia,Bolivar,1996-06-10,,,Centrocampista,,
180,Maykool Tellez,19.0,37.0,Bolivia,Bolivar,2003-07-26,,,Centrocampista,,
181,Luiz Fernando Paz Vargas,18.0,38.0,Bolivia,Bolivar,2004-09-06,,,Defensa,,
182,Jose Peralta,20.0,40.0,Bolivia,Bolivar,2002-03-04,,,Centrocampista,,
183,Jhair Alvaro Cordova Rivas,19.0,41.0,Bolivia,Bolivar,2003-01-27,175.0,,Centrocampista,Izquierda,
184,Abel Chavez,19.0,44.0,Bolivia,Bolivar,2003-03-09,,,Centrocampista,,
185,Leonardo Arana,18.0,45.0,Bolivia,Bolivar,2004-07-05,,,Centrocampista,,
186,Reyes Camacho,19.0,46.0,Bolivia,Bolivar,2003-01-20,,,Centrocampista,,
187,Yeferson Mamani,17.0,47.0,Bolivia,Bolivar,2005-10-05,,,Centrocampista,,
188,Alejandro Polo,18.0,48.0,Bolivia,Bolivar,2004-06-23,,,Centrocampista,,
189,Sergio Gómez,,51.0,Bolivia,Bolivar,,,,Centrocampista,,
190,Jhon Cristian Velásquez,19.0,,Bolivia,Bolivar,2003-04-22,,,Delantero,,
191,Victor Alonso Ábrego Aguilera,25.0,7.0,Bolivia,Bolivar,1997-11-02,176.0,69.0,Delantero,,
192,Lucas Leónidas Chávez Cruz,19.0,9.0,Bolivia,Bolivar,2003-04-17,170.0,63.0,Delantero,,
193,Miguel Ángel Villarroel Tardio,19.0,16.0,Bolivia,Bolivar,2003-10-01,173.0,65.0,Centrocampista,,
194,Patricio Julián Rodríguez,32.0,17.0,Argentina,Bolivar,1990-04-05,170.0,60.0,Delantero,Derecha,
195,Francisco da Costa Aragão,27.0,19.0,Brasil,Bolivar,1995-05-05,184.0,83.0,Delantero,,
196,Sebastián Melgar Parada,21.0,31.0,Bolivia,Bolivar,2001-07-16,,,Delantero,,
197,Elder Arauz Saucedo,32.0,1.0,Bolivia,Guabirá,1990-04-23,,,Portero,,
198,Jattab Manuel Ferrel Aguilera,21.0,12.0,Bolivia,Guabirá,2001-09-23,,,Portero,,
199,Jhon Jairo Cuellar Vaca,23.0,25.0,Bolivia,Guabirá,1999-10-15,184.0,72.0,Portero,,Bolivia
200,Mauricio Cabral Rivero,21.0,2.0,Bolivia,Guabirá,2000-05-11,175.0,68.0,Defensa,,
201,Fran Geral Supayabe Alpiri,26.0,3.0,Bolivia,Guabirá,1996-12-01,178.0,74.0,Defensa,,
202,Jefferson Ibáñez,27.0,15.0,Bolivia,Guabirá,1995-12-02,181.0,79.0,Defensa,,
203,Carlos Andrés Chore Aguilera,22.0,16.0,Bolivia,Guabirá,2000-03-06,,,Defensa,,
204,Juan Carlos Zampiery Rivarola,33.0,17.0,Bolivia,Guabirá,1989-09-28,,,Defensa,Derecha,
205,Luis Enrique Hurtado Badani,29.0,20.0,Bolivia,Guabirá,1993-09-27,,,Defensa,Izquierda,
206,Merardo David Robles Amarilla,31.0,24.0,Paraguay,Guabirá,1991-09-24,,,Defensa,,
207,Nelson Avelino Amarilla Bogado,35.0,29.0,Paraguay,Guabirá,1987-07-20,,,Defensa,,
208,Walter Emilio Antelo Yncian,22.0,33.0,Bolivia,Guabirá,2000-09-10,184.0,95.0,Defensa,,
209,Harry Céspedes Velasco,24.0,35.0,Bolivia,Guabirá,1998-07-27,176.0,72.0,Defensa,,
210,Paolo Andrés Alcocer,22.0,,EEUU,Guabirá,2000-03-09,,,Centrocampista,,
211,Josué Hoyos,,,Bolivia,Guabirá,,,,Centrocampista,,
212,Matias Ezequiel Notta Reynoso,26.0,4.0,Bolivia,Guabirá,1996-06-23,180.0,79.0,Centrocampista,,
213,Alvaro Daniel Quiroga Sardina,27.0,6.0,Bolivia,Guabirá,1995-06-17,160.0,,Centrocampista,,
214,Alejandro Melean Villarroel,35.0,8.0,Bolivia,Guabirá,1987-06-16,183.0,79.0,Defensa,,
215,Hugo Denar Salvatierra Saucedo,19.0,13.0,Bolivia,Guabirá,2003-01-15,,,Centrocampista,,
216,Brahian Egüez Flores,30.0,18.0,Bolivia,Guabirá,1992-05-14,,,Centrocampista,,
217,Jhon Jairo Velasco Chavez,18.0,19.0,Bolivia,Guabirá,2004-08-03,,,Centrocampista,,Bolivia
218,Diego Josué Hoyos Carrillo,30.0,22.0,Bolivia,Guabirá,1992-09-29,,,Centrocampista,,
219,Elio Sebastian Salazar Suárez,21.0,28.0,Bolivia,Guabirá,2001-06-16,,,Centrocampista,,
220,Carlos Mateo Abastoflor Aguilera,20.0,30.0,Bolivia,Guabirá,2002-09-04,,,Centrocampista,,
221,José Andrés Rodríguez Cortez,23.0,34.0,Bolivia,Guabirá,1999-05-10,,,Centrocampista,,
222,Diego Martín Alaníz Ávila,29.0,50.0,Uruguay,Guabirá,1993-02-19,175.0,72.0,Centrocampista,Izquierda,
223,Jousé Arias,,,Bolivia,Guabirá,,,,Delantero,,
224,Gustavo Peredo Ortíz,22.0,7.0,Bolivia,Guabirá,2000-07-04,,,Delantero,,
225,Luís Leal dos Anjos,35.0,9.0,Santo Tomé y Príncipe,Guabirá,1987-05-29,176.0,75.0,Delantero,Derecha,Santo Tomé y Príncipe
226,Juan Carlos Montenegro Sedamano,25.0,10.0,Bolivia,Guabirá,1997-04-02,165.0,58.0,Delantero,,
227,Paulo Eduardo Carvalho,24.0,11.0,Brasil,Guabirá,1997-10-31,180.0,70.0,Delantero,Derecha,
228,Angel Vaca Pesoa,20.0,21.0,Bolivia,Guabirá,2002-03-01,,,Delantero,,
229,Layonel Figueroa Prado,23.0,27.0,Bolivia,Guabirá,1999-06-07,170.0,72.0,Centrocampista,,
230,Brayan Alexander Parada Sosa,20.0,32.0,Bolivia,Guabirá,2002-08-03,,,Delantero,,
231,Rudy Andres Colodro Bejarano,21.0,35.0,Bolivia,Guabirá,2001-04-02,,,Delantero,,
232,Rodrigo Ruiz Díaz Molinas,23.0,42.0,Paraguay,Guabirá,1999-01-15,184.0,81.0,Delantero,,
233,Pedro Miguel Castedo Aguilera,32.0,,Bolivia,Independiente,1990-03-13,,,Portero,,
234,Hugo Brayan Ayala Palza,27.0,1.0,Bolivia,Independiente,1994-11-22,,,Portero,,
235,Luis Fernando Cárdenas Montenegro,31.0,12.0,Bolivia,Independiente,1991-06-02,177.0,77.0,Portero,,
236,Germán Arauz Saucedo,27.0,13.0,Bolivia,Independiente,1995-05-25,181.0,90.0,Portero,,
237,Dayler Quintela Yucra,20.0,23.0,Bolivia,Independiente,2002-05-05,,,Portero,,
238,Cristhian Rodrigo Choque Mora,21.0,,Bolivia,Independiente,2001-04-09,,,Defensa,,
239,Enrique David Díaz Velázquez,40.0,5.0,Uruguay,Independiente,1982-04-09,192.0,82.0,Defensa,,
240,Janeiler Rivas Palacios,34.0,5.0,Colombia,Independiente,1988-05-18,194.0,80.0,Defensa,Derecha,
241,Martín Alejandro Chiatti,29.0,6.0,Argentina,Independiente,1992-01-12,185.0,77.0,Defensa,,
242,Richard Marco Fernández Barrientos,20.0,24.0,Bolivia,Independiente,2002-03-08,,,Defensa,,
243,Oscar Leandro Ribera Guzmán,30.0,28.0,Bolivia,Independiente,1992-11-02,175.0,70.0,Defensa,,
244,Francisco Evelio Silva Cabrera,32.0,32.0,Paraguay,Independiente,1990-10-18,179.0,77.0,Defensa,Derecha,
245,Heber Edgar Leaños,32.0,32.0,Bolivia,Independiente,1990-10-06,175.0,66.0,Defensa,,
246,Joaquín Barrientos,,40.0,Bolivia,Independiente,,,,Defensa,,
247,Emerson Velásquez Bento,23.0,3.0,Bolivia,Independiente,1999-02-24,,,Centrocampista,,
248,Víctor Hugo Melgar Bejarano,34.0,7.0,Bolivia,Independiente,1988-02-28,171.0,71.0,Centrocampista,,
249,Mijaíl Alexander Avilés Flores,35.0,8.0,Venezuela,Independiente,1987-05-06,180.0,78.0,Centrocampista,Ambidiestro,
250,Jhasmani Campos Dávalos,34.0,10.0,Bolivia,Independiente,1988-10-05,174.0,64.0,Centrocampista,Izquierda,
251,Juan Sinforiano Godoy Viñales,29.0,11.0,Paraguay,Independiente,1993-06-23,,,Centrocampista,,
252,Carlos Augusto Junior Florenciañez Vera,28.0,13.0,Paraguay,Independiente,1994-09-05,,,Centrocampista,,
253,Antonio Thomaz Santos de Barros,36.0,15.0,Brasil,Independiente,1986-02-05,177.0,74.0,Delantero,Derecha,
254,Yesit Martínez Salazar,20.0,16.0,Bolivia,Independiente,2002-01-31,170.0,,Centrocampista,Izquierda,
255,Helmut Enrique Gutiérrez Zapana,38.0,17.0,Bolivia,Independiente,1984-02-07,178.0,74.0,Centrocampista,Derecha,
256,Gustavo Pinedo Zabala,34.0,18.0,Bolivia,Independiente,1988-02-18,172.0,65.0,Centrocampista,Derecha,
257,Tobías Andre Moriceau,25.0,20.0,Argentina,Independiente,1997-09-04,,,Centrocampista,,
258,Joel Bejarano Azogue,26.0,21.0,Bolivia,Independiente,1996-03-21,,,Centrocampista,,
259,William Marco Velasco Quiroz,22.0,26.0,Bolivia,Independiente,2000-04-21,,,Centrocampista,,
260,René Alejandro Bejarano Sajama,38.0,30.0,Bolivia,Independiente,1984-06-21,,,Centrocampista,,
261,Emerson Claros Rodriguez,22.0,35.0,Bolivia,Independiente,2000-02-14,,,Centrocampista,,
262,Juan Pablo Molina Tosube,,38.0,Bolivia,Independiente,,,,Centrocampista,,
263,Leonel Alexander Buter,29.0,9.0,Argentina,Independiente,1993-01-27,185.0,78.0,Delantero,Derecha,
264,Alejandro Medina Suárez,26.0,19.0,Bolivia,Independiente,1996-09-13,,,Delantero,,
265,Robin Ariel Ramírez González,32.0,22.0,Paraguay,Independiente,1989-11-11,171.0,70.0,Delantero,Derecha,
266,Jonathan Ezequiel Cristaldo,33.0,33.0,Argentina,Independiente,1989-05-03,175.0,70.0,Delantero,Derecha,
267,Matías Romero Andrade,20.0,45.0,Bolivia,Independiente,2002-02-19,174.0,68.0,Delantero,,
268,Saidt Mustafá Céspedes,32.0,1.0,Bolivia,Nacional Potosí,1989-11-26,187.0,75.0,Portero,,
269,Diego Valdivia Ascarrunz,21.0,22.0,Bolivia,Nacional Potosí,2001-04-14,186.0,78.0,Portero,,
270,Nickolas Cay Torrez Peña,21.0,24.0,Bolivia,Nacional Potosí,2001-04-30,,,Portero,,
271,David Alonso Valencia Figueroa,31.0,5.0,Colombia,Nacional Potosí,1991-05-31,185.0,75.0,Defensa,Derecha,
272,Cristian Marcelo Álvarez,30.0,10.0,Argentina,Nacional Potosí,1992-09-28,174.0,71.0,Centrocampista,Derecha,
273,Óscar Añez Urachianta,32.0,14.0,Bolivia,Nacional Potosí,1990-07-23,,,Defensa,,
274,Jorge Marcos Andia Pizarro,34.0,15.0,Bolivia,Nacional Potosí,1988-08-02,,,Centrocampista,,
275,Víctor Martín Galain Pécora,33.0,18.0,Uruguay,Nacional Potosí,1989-02-03,183.0,79.0,Defensa,Derecha,
276,Óscar Junior Baldomar Roca,26.0,20.0,Bolivia,Nacional Potosí,1996-02-16,179.0,68.0,Defensa,,
277,Cristhian Michael Coimbra Arias,33.0,29.0,Bolivia,Nacional Potosí,1988-12-31,,,Defensa,,
278,Luis Ángel Flores Pereira,20.0,30.0,Bolivia,Nacional Potosí,2002-09-19,,,Defensa,,
279,Vladimir Castellón,33.0,,Bolivia,Nacional Potosí,1989-08-08,175.0,72.0,Centrocampista,,
280,Luis Aníbal Torrico Valverde,36.0,2.0,Bolivia,Nacional Potosí,1986-09-14,181.0,83.0,Defensa,Derecha,
281,Andrés Torrico,18.0,3.0,Bolivia,Nacional Potosí,2004-10-08,,,Centrocampista,,
282,Moises Antonio Silveti Alborta,,4.0,Bolivia,Nacional Potosí,,,,Centrocampista,,
283,Víctor Manuel Cuellar Salazar,22.0,6.0,Bolivia,Nacional Potosí,2000-09-23,,,Centrocampista,,
284,Luis Fernando Pavia Mamani,23.0,8.0,Bolivia,Nacional Potosí,1999-06-13,170.0,60.0,Centrocampista,,
285,Daniel Mancilla Durán,31.0,13.0,Bolivia,Nacional Potosí,1991-02-17,178.0,74.0,Defensa,,
286,Alexis Hinestroza Estacio,34.0,16.0,Colombia,Nacional Potosí,1988-08-28,181.0,82.0,Centrocampista,Derecha,
287,Saulo Henry Guerra Pérez,30.0,17.0,Bolivia,Nacional Potosí,1992-09-14,175.0,70.0,Centrocampista,,
288,Miyhal Anyelo Ortiz Burgos,21.0,21.0,Bolivia,Nacional Potosí,2001-10-22,,,Centrocampista,,
289,Mario Gabriel Barbery Gil,20.0,23.0,Bolivia,Nacional Potosí,2002-01-04,,,Centrocampista,,
290,Junior Kevin Romay Sanchez,28.0,28.0,Bolivia,Nacional Potosí,1994-04-17,,,Delantero,,
291,Maximiliano Ezequiel Núñez,36.0,7.0,Argentina,Nacional Potosí,1986-09-17,169.0,71.0,Delantero,Derecha,
292,Tommy Tobar Reyes,35.0,9.0,Colombia,Nacional Potosí,1986-11-21,183.0,83.0,Delantero,Derecha,
293,Adalid Aceituno Vargas,32.0,11.0,Bolivia,Nacional Potosí,1990-02-09,,,Delantero,,
294,Luis Fernando Saldías Muños,25.0,11.0,Bolivia,Nacional Potosí,1997-02-27,,,Delantero,,
295,William Gustavo Álvarez Vargas,27.0,19.0,Bolivia,Nacional Potosí,1995-09-15,184.0,76.0,Delantero,,
296,Alfredo Alejandro García Escalante,20.0,26.0,Bolivia,Nacional Potosí,2002-07-03,,,Delantero,,
297,Diego Fernando Navarro Iturri,30.0,27.0,Bolivia,Nacional Potosí,1992-08-10,179.0,66.0,Delantero,,
298,Wilson Daniel Quiñónez Amarilla,34.0,1.0,Paraguay,Oriente Petrolero,1988-04-09,184.0,86.0,Portero,,
299,Fabio César Rosales Pérez,21.0,12.0,Bolivia,Oriente Petrolero,2001-06-04,,,Portero,,
300,Bruno Rivas Reyes,22.0,22.0,Bolivia,Oriente Petrolero,2000-08-22,,,Portero,,
301,Paolo Eduardo García Aguilar,20.0,40.0,Bolivia,Oriente Petrolero,2002-06-21,,,Portero,,
302,Wilfredo Soleto Vargas,26.0,3.0,Bolivia,Oriente Petrolero,1996-02-21,,,Centrocampista,,
303,Marcelo Sebastián Suárez Justiniano,20.0,4.0,Bolivia,Oriente Petrolero,2001-12-20,,,Defensa,,
304,Maximiliano Caire,34.0,5.0,Argentina,Oriente Petrolero,1988-12-07,177.0,72.0,Defensa,Derecha,
305,Leandro Agustín Zazpe Rodríguez,28.0,13.0,Uruguay,Oriente Petrolero,1994-04-29,184.0,70.0,Defensa,Izquierda,
306,Carlos Daniel Roca Avellaneda,25.0,19.0,Bolivia,Oriente Petrolero,1997-11-05,,,Defensa,,
307,Sebastian Alvarez Vargas,21.0,27.0,Bolivia,Oriente Petrolero,2001-08-29,,,Defensa,,
308,Adrián Sandoval López,22.0,31.0,Bolivia,Oriente Petrolero,2000-03-22,,,Defensa,,
309,Ayrton Cristhian Paz Terán,20.0,32.0,Bolivia,Oriente Petrolero,2002-09-28,,,Defensa,,
310,Miguel Ángel Pérez Cortez,26.0,,Bolivia,Oriente Petrolero,1996-10-06,169.0,73.0,Centrocampista,,
311,Ricardo Antonio Sandoval López,20.0,2.0,Bolivia,Oriente Petrolero,2001-06-11,,,Centrocampista,,
312,Daniel Rojas Céspedes,22.0,6.0,Bolivia,Oriente Petrolero,2000-02-22,,,Centrocampista,,
313,Víctor Hugo Dorrego Coito,29.0,7.0,Uruguay,Oriente Petrolero,1993-09-05,175.0,73.0,Centrocampista,Derecha,
314,Juan Alexis Ribera Castillo,27.0,8.0,Bolivia,Oriente Petrolero,1995-08-15,,,Centrocampista,,
315,Jorge Iván Correa,29.0,10.0,Argentina,Oriente Petrolero,1993-04-04,170.0,65.0,Centrocampista,Izquierda,
316,Juan Salvador Bartolome Mercado Galvez,25.0,14.0,Bolivia,Oriente Petrolero,1997-06-01,177.0,71.0,Defensa,,
317,Franz Gonzales Mejía,22.0,15.0,Bolivia,Oriente Petrolero,2000-06-26,,,Centrocampista,,Bolivia
318,Miguel Angel Rios Pinto,29.0,17.0,Bolivia,Oriente Petrolero,1992-11-17,175.0,78.0,Centrocampista,,
319,Henry Vaca Urquisa,24.0,18.0,Bolivia,Oriente Petrolero,1998-01-27,166.0,73.0,Centrocampista,,
320,Héctor Ronaldo Sánchez Camaras,25.0,21.0,Bolivia,Oriente Petrolero,1997-04-24,,,Centrocampista,,
321,Andre Sandoval López,24.0,23.0,Bolivia,Oriente Petrolero,1998-03-22,,,Centrocampista,,
322,Jorge Hugo Rojas Justiniano,28.0,24.0,Bolivia,Oriente Petrolero,1993-06-12,,,Centrocampista,,
323,Cristhian Alexseis Arabe Pedraza,30.0,25.0,Bolivia,Oriente Petrolero,1991-12-25,,,Centrocampista,,
324,Raymundo García Méndez,19.0,29.0,Bolivia,Oriente Petrolero,2003-01-13,,,Centrocampista,,
325,Jose Jamir Berdecio Mendoza,20.0,30.0,Bolivia,Oriente Petrolero,2002-01-20,,,Centrocampista,,
326,Esdras Mendoza dos Santos,19.0,34.0,Bolivia,Oriente Petrolero,2003-09-10,,,Centrocampista,,
327,Leonardo Sánchez Paniagua,24.0,37.0,Bolivia,Oriente Petrolero,1998-02-04,,,Centrocampista,,
328,Yohan Melgar,22.0,38.0,Bolivia,Oriente Petrolero,1999-12-30,,,Centrocampista,,
329,Luis Andrés Zeballos Barriento,20.0,39.0,Bolivia,Oriente Petrolero,2002-07-05,,,Delantero,,
330,Cristhian Daniel Penayo Villalba,20.0,39.0,Bolivia,Oriente Petrolero,2002-04-29,,,Centrocampista,,
331,Alejandro Ampuero,19.0,42.0,Bolivia,Oriente Petrolero,2003-03-20,,,Centrocampista,,
332,Ferdy Roca Vivancos,22.0,,Bolivia,Oriente Petrolero,2000-03-24,170.0,63.0,Delantero,,
333,Facundo Ezequiel Suárez,28.0,9.0,Argentina,Oriente Petrolero,1994-01-07,,,Delantero,,
334,Freddy Andrés Roca Vivancos,22.0,11.0,Bolivia,Oriente Petrolero,2000-03-24,179.0,63.0,Delantero,Derecha,
335,Luis Maki Salces,27.0,16.0,Argentina,Oriente Petrolero,1994-11-25,171.0,74.0,Delantero,Derecha,
336,José Miguel Briceño Mercado,20.0,18.0,Bolivia,Oriente Petrolero,2002-01-20,,,Delantero,,
337,Rodrigo Saucedo Zeballos,23.0,20.0,Bolivia,Oriente Petrolero,1999-11-03,,,Delantero,,
338,Diego Tobías Cabrera Amarilla,17.0,28.0,Bolivia,Oriente Petrolero,2005-01-29,,,Centrocampista,,
339,Miguel Ángel Pérez Ruiz,30.0,,España,Real Santa Cruz,1991-11-11,185.0,82.0,Portero,,
340,Marco Daniel Vaca Vélez,32.0,1.0,Bolivia,Real Santa Cruz,1990-10-03,180.0,80.0,Portero,,
341,Junior Fernando Peña Vargas,32.0,13.0,Bolivia,Real Santa Cruz,1990-03-27,173.0,70.0,Portero,,
342,Sebastián Angulo Gamboa,30.0,25.0,Colombia,Real Santa Cruz,1992-03-05,,,Portero,,
343,Omar Ledezma,,36.0,Bolivia,Real Santa Cruz,,,,Portero,,
344,Carlos Emanuel Franco,30.0,39.0,Argentina,Real Santa Cruz,1992-03-01,185.0,79.0,Portero,Derecha,
345,Leonan,27.0,,Brasil,Real Santa Cruz,1995-10-28,174.0,64.0,Defensa,Izquierda,
346,José Luis Gutiérrez,31.0,,Peru,Real Santa Cruz,1991-03-19,,,Defensa,,
347,Mario Alberto Cuéllar Saavedra,33.0,2.0,Bolivia,Real Santa Cruz,1989-05-05,,,Defensa,,
348,César Manuel García Peralta,29.0,3.0,República Dominicana,Real Santa Cruz,1993-03-13,,,Defensa,,República Dominicana
349,Brian Alejandro Hinojosa Pinto,29.0,4.0,Bolivia,Real Santa Cruz,1993-12-08,,,Defensa,,
350,Silvio Gabriel Torales Castillo,31.0,5.0,Paraguay,Real Santa Cruz,1991-09-23,176.0,72.0,Centrocampista,Derecha,
351,Jesús Carlos Flores Vaca,26.0,6.0,Bolivia,Real Santa Cruz,1996-10-05,177.0,67.0,Defensa,,
352,Roberto Barbery,34.0,15.0,Bolivia,Real Santa Cruz,1988-12-08,,,Defensa,,
353,Miguel Ángel Becerra Vaca,29.0,23.0,Bolivia,Real Santa Cruz,1993-05-23,,,Defensa,,
354,Ricardo Suárez Antelo,29.0,28.0,Bolivia,Real Santa Cruz,1993-10-23,,,Defensa,,
355,Juan Francisco Rivero Franco,33.0,33.0,Bolivia,Real Santa Cruz,1989-06-14,189.0,85.0,Defensa,,
356,Samuel Guzmán Camargo,21.0,,Bolivia,Real Santa Cruz,2001-07-09,176.0,72.0,Centrocampista,Izquierda,
357,Mario Alberto Ovando Padilla,36.0,6.0,Bolivia,Real Santa Cruz,1985-09-11,170.0,68.0,Centrocampista,,
358,Andree Gustavo Navia Ríos,22.0,7.0,Bolivia,Real Santa Cruz,2000-03-07,,,Centrocampista,,
359,Fernando Rodríguez Rendón,26.0,8.0,Bolivia,Real Santa Cruz,1996-11-01,169.0,60.0,Centrocampista,,
360,José Andrés Veizaga Vargas,25.0,11.0,Bolivia,Real Santa Cruz,1996-11-11,177.0,73.0,Centrocampista,,
361,Angel Andres Gutierrez Escalante,20.0,13.0,Bolivia,Real Santa Cruz,2002-01-13,,,Centrocampista,,
362,Jorge Antonio Ortíz Ortiz,38.0,14.0,Bolivia,Real Santa Cruz,1984-01-06,173.0,79.0,Defensa,,
363,Wilman Modesta,26.0,19.0,República Dominicana,Real Santa Cruz,1995-12-24,,,Centrocampista,,
364,Alan Jorge Mercado Berthalet,29.0,20.0,Bolivia,Real Santa Cruz,1993-07-27,,,Delantero,,
365,Samuel Guzman,26.0,21.0,Bolivia,Real Santa Cruz,1995-11-25,,,Centrocampista,,
366,José Antonio Lanza,20.0,22.0,Bolivia,Real Santa Cruz,2001-11-19,180.0,78.0,Centrocampista,Derecha,
367,Arturo Urzagaste,22.0,24.0,Bolivia,Real Santa Cruz,2000-05-29,,,Centrocampista,,
368,Luis Daniel Ardaya Mancilla,20.0,26.0,Bolivia,Real Santa Cruz,2002-08-14,,,Centrocampista,,
369,Jesús Miguel Vaca,,27.0,Bolivia,Real Santa Cruz,,,,Centrocampista,,
370,Damián Emmanuel Lizio,33.0,30.0,Bolivia,Real Santa Cruz,1989-06-30,168.0,62.0,Centrocampista,Derecha,
371,Félix Imanol Cárdenas López,22.0,31.0,Bolivia,Real Santa Cruz,2000-04-29,,,Centrocampista,,
372,José Alfredo Lara Moreno,18.0,34.0,Bolivia,Real Santa Cruz,2004-01-14,,,Delantero,,
373,Samuel Pozo Challa,25.0,35.0,Bolivia,Real Santa Cruz,1997-07-23,,,Centrocampista,,
374,Aldair Davalos,19.0,41.0,Bolivia,Real Santa Cruz,2002-12-24,,,Centrocampista,,
375,Mateo Soliz,20.0,45.0,Bolivia,Real Santa Cruz,2002-09-02,,,Centrocampista,,
376,Rodrigo Alejandro Lafuente,31.0,,Bolivia,Real Santa Cruz,1991-03-01,181.0,77.0,Delantero,,
377,Rafael Diaz,,,Bolivia,Real Santa Cruz,1991-08-10,183.0,72.0,Portero,,
378,Jamesley Daniel,26.0,,Haití,Real Santa Cruz,1996-10-19,,,Delantero,,
379,Jairo Hestefano Jean,24.0,10.0,Haití,Real Santa Cruz,1998-06-22,,,Delantero,,
380,Diego Javier Pariani,29.0,16.0,Argentina,Real Santa Cruz,1993-08-08,185.0,83.0,Delantero,Derecha,
381,Dorny Alexander Romero Chalas,24.0,17.0,República Dominicana,Real Santa Cruz,1998-01-24,190.0,61.0,Delantero,,
382,José Rodolfo Bravo Roda,25.0,18.0,Bolivia,Real Santa Cruz,1997-10-08,175.0,,Delantero,Derecha,
383,Darwin Ríos Pinto,31.0,18.0,Bolivia,Real Santa Cruz,1991-04-25,,,Delantero,,
384,Kevin Josué Mina Quiñónez,28.0,40.0,Ecuador,Real Santa Cruz,1993-02-11,,,Centrocampista,,
385,Mariano De Souza,22.0,1.0,Bolivia,Real Tomayapo,2000-10-02,,,Portero,,
386,Luis Rodrigo Banegas Cury,26.0,22.0,Bolivia,Real Tomayapo,1995-08-11,184.0,73.0,Portero,,
387,Pedro Domingo Galindo Suheiro,27.0,23.0,Bolivia,Real Tomayapo,1995-04-13,180.0,75.0,Portero,,
388,Enzo Enrique Estrada Castillo,21.0,2.0,Bolivia,Real Tomayapo,2001-02-13,,,Defensa,,
389,Juan Pablo Rioja,34.0,2.0,Bolivia,Real Tomayapo,1988-05-04,178.0,78.0,Centrocampista,,
390,Pedro Alex Martínez Flores,29.0,3.0,Bolivia,Real Tomayapo,1992-11-17,,,Defensa,,
391,Leonardo Justiniano Valverde,21.0,8.0,Bolivia,Real Tomayapo,2001-07-20,,,Defensa,,
392,Gustavo Olguín Mansilla,27.0,20.0,Bolivia,Real Tomayapo,1994-11-13,,,Defensa,,
393,Dustin Maldonado Antelo,32.0,4.0,Bolivia,Real Tomayapo,1990-03-18,,,Defensa,,
394,Leandro Corulo,33.0,5.0,Argentina,Real Tomayapo,1989-02-06,,,Defensa,,
395,Sergio Fabián Villamíl Cortez,27.0,6.0,Bolivia,Real Tomayapo,1994-12-14,,,Centrocampista,,
396,Thiago Ribeiro da Silva Vasconcelos,37.0,7.0,Brasil,Real Tomayapo,1985-01-23,181.0,68.0,Centrocampista,,
397,Nicolás Gabriel Albarracín Basil,29.0,10.0,Uruguay,Real Tomayapo,1993-11-06,177.0,72.0,Centrocampista,Izquierda,
398,Mauricio Chajtur Molina,26.0,11.0,Bolivia,Real Tomayapo,1996-07-10,,,Centrocampista,,
399,Rodrigo Cabrera Vera,25.0,12.0,Bolivia,Real Tomayapo,1997-06-02,170.0,74.0,Delantero,,
400,Jefferson Felliphe Santos Silva,24.0,17.0,Brasil,Real Tomayapo,1998-09-02,168.0,56.0,Delantero,Izquierda,
401,Milton Daniel Garzón,21.0,18.0,Bolivia,Real Tomayapo,2001-04-24,,,Centrocampista,,
402,Cristhian Valencia,30.0,21.0,Bolivia,Real Tomayapo,1992-06-18,,,Centrocampista,,
403,Christian Henry Valencia Choque,30.0,21.0,Bolivia,Real Tomayapo,1992-06-18,,,Centrocampista,,
404,Juan Pablo Alemán Morales,32.0,24.0,Bolivia,Real Tomayapo,1990-04-05,,,Defensa,,
405,Marcos Antonio Barrios Guevara,27.0,26.0,Bolivia,Real Tomayapo,1995-02-23,160.0,63.0,Centrocampista,,
406,Rivaldo Omar Méndez Maraz,19.0,32.0,Bolivia,Real Tomayapo,2002-11-28,,,Centrocampista,,
407,Emanuel Ramos,22.0,35.0,Bolivia,Real Tomayapo,2000-04-26,175.0,,Centrocampista,,
408,Santiago Cuiza,20.0,38.0,Bolivia,Real Tomayapo,2002-06-16,,,Defensa,,
409,Sebastian Rivera Gutierrez,,39.0,Bolivia,Real Tomayapo,,,,Centrocampista,,
410,Elias Romero,18.0,40.0,Bolivia,Real Tomayapo,2003-12-23,,,Centrocampista,,
411,Eber Edison Caicedo Peralta,31.0,9.0,Ecuador,Real Tomayapo,1991-03-05,,,Centrocampista,,
412,Carlos Alvarado,18.0,14.0,Bolivia,Real Tomayapo,2004-12-02,,,Delantero,,
413,Jhoel Camilo Mamani,22.0,19.0,Bolivia,Real Tomayapo,1999-12-25,,,Delantero,,
414,Franco Faustino Arizala Hurtado,36.0,29.0,Colombia,Real Tomayapo,1986-04-06,180.0,77.0,Delantero,Derecha,
415,Bruno Pascua López,32.0,30.0,España,Real Tomayapo,1990-01-21,172.0,60.0,Centrocampista,Izquierda,
416,Diego Armando Méndez Salcedo,32.0,1.0,Bolivia,Royal Pari,1990-05-10,174.0,77.0,Portero,,
417,Daniel Vaca Tasca,43.0,12.0,Bolivia,Royal Pari,1978-03-11,175.0,65.0,Portero,,
418,Jorge Araúz Saucedo,27.0,22.0,Bolivia,Royal Pari,1995-03-15,185.0,84.0,Portero,,
419,Joel Bernal,,41.0,Bolivia,Royal Pari,,,,Portero,,
420,Diego Samir Valverde Vaca,18.0,2.0,Bolivia,Royal Pari,2003-07-12,,,Defensa,,
421,Jefferson Virreira Cossío,25.0,3.0,Bolivia,Royal Pari,1997-01-19,184.0,71.0,Defensa,,
422,Luis Alberto Gutiérrez Herrera,37.0,5.0,Bolivia,Royal Pari,1985-01-15,180.0,77.0,Defensa,Izquierda,
423,Marvin Orlando Bejarano Jiménez,34.0,17.0,Bolivia,Royal Pari,1988-06-03,172.0,70.0,Defensa,Izquierda,
424,Widen Saucedo Candia,25.0,21.0,Bolivia,Royal Pari,1997-01-03,171.0,63.0,Defensa,,
425,Guimer Justiniano Osorio,33.0,24.0,Bolivia,Royal Pari,1989-06-29,186.0,80.0,Defensa,,
426,Diego Valdivia,21.0,,Bolivia,Royal Pari,2001-04-14,,,Centrocampista,,
427,Christian Enrique Cepeda,31.0,4.0,Argentina,Royal Pari,1991-05-02,184.0,80.0,Defensa,,
428,Pedro Jesús Azogue Rojas,27.0,6.0,Bolivia,Royal Pari,1994-06-12,176.0,76.0,Centrocampista,,
429,José Luis Chávez Sanchez,36.0,8.0,Bolivia,Royal Pari,1986-05-18,174.0,80.0,Centrocampista,,
430,Jose Andres Chavez,17.0,8.0,Bolivia,Royal Pari,2005-09-09,,,Defensa,,
431,John Fredy Pérez Lizarazo,34.0,10.0,Colombia,Royal Pari,1988-07-22,174.0,65.0,Centrocampista,Derecha,
432,John Elian García Sossa,22.0,11.0,Bolivia,Royal Pari,2000-04-13,,,Centrocampista,,
433,Carlos Abelardo Ribera Guzman,25.0,14.0,Bolivia,Royal Pari,1997-06-02,,,Centrocampista,,
434,Dioggo Isita Mano,19.0,15.0,Bolivia,Royal Pari,2003-12-03,,,Delantero,,
435,Mirko Tomianovic Becerra,21.0,16.0,Bolivia,Royal Pari,2001-01-10,167.0,68.0,Centrocampista,,
436,Andrés Moreno,20.0,25.0,Bolivia,Royal Pari,2002-09-10,,,Centrocampista,,
437,Hernán Luis Rodríguez Rodríguez,26.0,26.0,Bolivia,Royal Pari,1996-09-05,175.0,77.0,Centrocampista,,
438,Omar Pedro Siles Canda,29.0,27.0,Bolivia,Royal Pari,1992-11-15,184.0,67.0,Centrocampista,,
439,Reinaldo Parada Pérez,27.0,,Bolivia,Royal Pari,1995-01-17,,,Delantero,,
440,Yony Javier Angulo Viveros,33.0,,Colombia,Royal Pari,1989-09-28,181.0,78.0,Delantero,Derecha,
441,Emanuel Joel Amoroso,34.0,7.0,Argentina,Royal Pari,1988-08-01,185.0,73.0,Centrocampista,Derecha,
442,José Érik Correa Villero,30.0,9.0,Colombia,Royal Pari,1992-07-20,185.0,85.0,Delantero,Derecha,
443,David Ribera Viana,21.0,18.0,Bolivia,Royal Pari,2001-01-19,174.0,74.0,Delantero,,
444,Gilbert Álvarez Vargas,30.0,19.0,Bolivia,Royal Pari,1992-07-04,187.0,85.0,Delantero,Derecha,
445,Rudy Alejandro Cardozo Fernández,32.0,20.0,Bolivia,Royal Pari,1990-02-14,171.0,70.0,Centrocampista,Izquierda,Bolivia
446,Miguel Ángel Murillo García,29.0,29.0,Colombia,Royal Pari,1993-10-19,184.0,80.0,Delantero,Derecha,
447,Esteban Gabriel Orfano,30.0,30.0,Argentina,Royal Pari,1992-01-13,172.0,76.0,Delantero,Derecha,
448,Fabricio Suárez Cortez,19.0,33.0,Bolivia,Royal Pari,2003-02-09,176.0,71.0,Delantero,,
449,Yefferson Josué Yanique Yarari,17.0,36.0,Bolivia,Royal Pari,2005-11-02,164.0,57.0,Delantero,,
450,Eduardo Mauricio Álvarez Vargas,19.0,39.0,Bolivia,Royal Pari,2003-09-04,184.0,71.0,Defensa,,
451,Jhohan Francisco Gutiérrez Oliveira,26.0,1.0,Bolivia,The Strongest,1996-09-27,,,Portero,,
452,Guillermo Viscarra Bruckner,29.0,13.0,Bolivia,The Strongest,1993-07-02,190.0,80.0,Portero,,Bolivia
453,Jesús Enrique Careaga Guzmán,25.0,33.0,Bolivia,The Strongest,1997-09-05,,,Portero,,
454,Ismael Benegas Arévalos,35.0,2.0,Paraguay,The Strongest,1987-01-08,184.0,80.0,Defensa,Derecha,
455,Juan Pablo Aponte Gutiérrez,30.0,4.0,Bolivia,The Strongest,1992-05-18,172.0,74.0,Defensa,,
456,Adrián Johnny Jusino Cerruto,30.0,5.0,Bolivia,The Strongest,1992-09-07,186.0,79.0,Defensa,,Bolivia
457,Saúl Torres Rojas,32.0,7.0,Bolivia,The Strongest,1990-03-22,180.0,68.0,Defensa,,
458,Juan Gabriel Valverde Rivera,32.0,12.0,Bolivia,The Strongest,1990-06-24,178.0,78.0,Defensa,,
459,Diego Horacio Wayar Cruz,29.0,14.0,Bolivia,The Strongest,1993-10-15,169.0,66.0,Centrocampista,Derecha,
460,Jaime Enrique Villamíl Cortez,30.0,15.0,Bolivia,The Strongest,1992-05-10,177.0,73.0,Defensa,,
461,Gonzalo Gabriel Castillo Cabral,32.0,22.0,Uruguay,The Strongest,1990-10-17,179.0,74.0,Defensa,Derecha,
462,Juan José Orellana Chavarría,24.0,27.0,Bolivia,The Strongest,1998-02-02,179.0,72.0,Defensa,,
463,Luis Eduardo Demiquel Banegas,22.0,29.0,Bolivia,The Strongest,2000-01-15,,,Defensa,,Bolivia
464,Daniel Jhonatan Lino Justiniano,20.0,35.0,Bolivia,The Strongest,2002-02-18,184.0,70.0,Centrocampista,,
465,Richet Gómez Miranda,23.0,6.0,Bolivia,The Strongest,1998-03-11,178.0,74.0,Centrocampista,,
466,Luciano Nahuel Ursino Pegolo,33.0,8.0,Argentina,The Strongest,1988-10-31,180.0,77.0,Centrocampista,Derecha,
467,Michael Javier Ortega Dieppa,31.0,20.0,Colombia,The Strongest,1991-06-06,174.0,74.0,Centrocampista,Derecha,
468,Fernando Javier Saucedo Pereyra,32.0,21.0,Bolivia,The Strongest,1990-03-15,173.0,69.0,Centrocampista,,Bolivia
469,Ronaldo Alencastro,27.0,21.0,Ecuador,The Strongest,1995-01-15,,,Centrocampista,,
470,Fabricio Domenico Quaglio Franco,19.0,24.0,Bolivia,The Strongest,2003-07-30,,,Delantero,,
471,Franco Andrade,17.0,25.0,Bolivia,The Strongest,2004-03-11,171.0,,Centrocampista,Derecha,
472,Gabriel Agustín Sotomayor Cardozo,23.0,26.0,Bolivia,The Strongest,1999-02-07,,,Delantero,,
473,Jaime Darío Arrascaita Iriondo,29.0,30.0,Bolivia,The Strongest,1993-02-09,175.0,62.0,Centrocampista,,Bolivia
474,José Alfredo Flores López,19.0,32.0,Bolivia,The Strongest,2003-03-08,,,Delantero,,
475,Cristian Gabriel Esparza,29.0,34.0,Argentina,The Strongest,1993-01-30,168.0,69.0,Centrocampista,Izquierda,
476,Martín Sebastián Prost,34.0,9.0,Argentina,The Strongest,1988-11-07,178.0,,Delantero,Derecha,
477,Enrique Luis Triverio,33.0,11.0,Argentina,The Strongest,1988-12-31,184.0,78.0,Delantero,,
478,Jair Alexander Reinoso Moreno,37.0,18.0,Colombia,The Strongest,1985-07-06,180.0,78.0,Delantero,Derecha,
479,Jeyson Ariel Chura Almanza,20.0,23.0,Bolivia,The Strongest,2002-03-02,173.0,71.0,Centrocampista,,
480,Ronald Bustos,18.0,31.0,Bolivia,The Strongest,2004-03-17,186.0,81.0,Delantero,,
481,Juan Daniel Ferrufino Arteaga,21.0,36.0,Bolivia,The Strongest,2001-08-03,,,Delantero,,
482,Iván Alejandro Brun,38.0,1.0,Argentina,Universitario de Sucre,1984-01-19,183.0,80.0,Portero,,
483,Lucas Adrián Salinas Zehl,21.0,12.0,Bolivia,Universitario de Sucre,2001-10-04,,,Portero,,
484,Juan Carlos García Yabeta,24.0,22.0,Bolivia,Universitario de Sucre,1998-03-02,,74.0,Portero,,
485,Alex Arancibia Chávez,32.0,41.0,Bolivia,Universitario de Sucre,1990-01-28,188.0,82.0,Portero,,
486,Luis Darío López Torres,27.0,,Paraguay,Universitario de Sucre,1994-12-30,,,Defensa,,
487,Juan Carlos Balcera,29.0,,Bolivia,Universitario de Sucre,1993-09-25,,,Defensa,,
488,Leonardo Urapuca Katuary,24.0,3.0,Bolivia,Universitario de Sucre,1998-07-31,,,Centrocampista,,
489,Leonel Alejandro Morales Pinedo,34.0,16.0,Bolivia,Universitario de Sucre,1988-02-09,169.0,65.0,Defensa,Izquierda,
490,Andrés Nicolás Landa Medreno,26.0,18.0,Bolivia,Universitario de Sucre,1996-01-27,183.0,68.0,Defensa,,
491,José Alfredo Rojas Yucra,28.0,20.0,Bolivia,Universitario de Sucre,1993-10-12,176.0,66.0,Centrocampista,,
492,Yhon Jairo Villegas Soleto,25.0,21.0,Bolivia,Universitario de Sucre,1997-02-02,,,Defensa,,
493,Gary Mauricio Saldías Bravo,31.0,23.0,Bolivia,Universitario de Sucre,1990-11-22,,,Delantero,,
494,Carlos Andrés Zabala Negrete,28.0,24.0,Bolivia,Universitario de Sucre,1994-05-19,,,Centrocampista,,
495,Alex Rodrigo Ortega Flores,20.0,27.0,Bolivia,Universitario de Sucre,2002-09-17,,,Defensa,,
496,Jose Llampa Cruz,,32.0,Bolivia,Universitario de Sucre,,,,Defensa,,
497,Nicolás Romat,34.0,44.0,Argentina,Universitario de Sucre,1988-06-05,181.0,82.0,Defensa,Derecha,
498,Joel David Ezequiel Fernández,23.0,49.0,Bolivia,Universitario de Sucre,1999-01-13,,,Defensa,,
499,Andrés Jiménez Pérez,37.0,,Bolivia,Universitario de Sucre,1985-08-07,174.0,74.0,Centrocampista,,
500,José Luis Buhezo Barja,33.0,5.0,Bolivia,Universitario de Sucre,1989-01-21,,,Centrocampista,,
501,Jhonatan Franco Perlaza,29.0,6.0,Colombia,Universitario de Sucre,1993-03-01,,,Centrocampista,,
502,Henrry Torrez Rey,28.0,11.0,Bolivia,Universitario de Sucre,1994-10-28,,,Centrocampista,,
503,Marco Antonio Vásquez Quispe,27.0,15.0,Bolivia,Universitario de Sucre,1995-10-04,,,Centrocampista,,
504,Juan José Ortiz Uyuni,18.0,25.0,Bolivia,Universitario de Sucre,2004-03-24,,,Centrocampista,,
505,Daniel Moisés Calero Salazar,24.0,29.0,Bolivia,Universitario de Sucre,1998-12-09,,,Centrocampista,,
506,Miguel Rodolfo Padilla Carballo,24.0,30.0,Bolivia,Universitario de Sucre,1998-03-03,,,Centrocampista,,
507,Carlos Ardián Espínola,30.0,35.0,Paraguay,Universitario de Sucre,1992-06-10,,,Delantero,,
508,Jairo Samuel Thomas Enriquez,22.0,36.0,Bolivia,Universitario de Sucre,2000-03-31,,,Centrocampista,,
509,Jorge Enrique Oliva Sosa,25.0,37.0,Bolivia,Universitario de Sucre,1997-04-24,,,Centrocampista,,
510,José Marcelo Gomes,40.0,40.0,Brasil,Universitario de Sucre,1981-11-14,169.0,64.0,Centrocampista,Izquierda,
511,Alan Kevin Farell Cuéllar,26.0,45.0,Bolivia,Universitario de Sucre,1996-03-27,167.0,60.0,Centrocampista,,
512,Ramiro Osvaldo Maldonado,31.0,46.0,Argentina,Universitario de Sucre,1991-07-20,174.0,73.0,Delantero,Derecha,
513,Rodrigo Nicolás Morales,28.0,47.0,Argentina,Universitario de Sucre,1994-03-22,,,Centrocampista,,
514,Ángel Oscar Prudencio,32.0,9.0,Argentina,Universitario de Sucre,1990-10-13,185.0,,Delantero,,
515,Jesús Ronald Gallegos Vera,40.0,10.0,Bolivia,Universitario de Sucre,1982-06-09,163.0,63.0,Centrocampista,,
516,Gianakis Suárez Tan Wing,31.0,17.0,Bolivia,Universitario de Sucre,1991-09-26,175.0,,Centrocampista,,
517,Miguel Gerardo Suárez Savino,29.0,42.0,Bolivia,Universitario de Sucre,1993-01-06,170.0,69.0,Delantero,,
518,Marcos Emanuel Ovejero,35.0,48.0,Argentina,Universitario de Sucre,1986-11-23,170.0,72.0,Delantero,,
519,Gustavo Almada,,1.0,Paraguay,Universitario de Vinto,,,,Portero,,
520,Raúl Alejandro Olivares Gálvez,34.0,12.0,Chile,Universitario de Vinto,1988-04-17,185.0,73.0,Portero,Derecha,
521,Juan Pablo Foronda Camacho,26.0,13.0,Bolivia,Universitario de Vinto,1996-01-15,,,Portero,,
522,Josué Manuel Rodríguez Alavi,,34.0,Bolivia,Universitario de Vinto,,,,Portero,,
523,Julio Demian Vila,26.0,2.0,Argentina,Universitario de Vinto,1996-01-15,183.0,,Defensa,,
524,Oscar Edmundo Vaca Ortega,34.0,3.0,Bolivia,Universitario de Vinto,1988-10-30,177.0,67.0,Defensa,Izquierda,
525,Alexander Pinto Soria,25.0,4.0,Bolivia,Universitario de Vinto,1997-11-04,170.0,,Defensa,,
526,Ameth Justino Castro Gil,31.0,5.0,Bolivia,Universitario de Vinto,1990-12-27,191.0,,Centrocampista,,
527,Hallysson Fernandes Padilha,28.0,19.0,Brasil,Universitario de Vinto,1994-11-02,,,Defensa,,
528,Iván Enrique Huayhuata Romero,33.0,21.0,Bolivia,Universitario de Vinto,1989-09-03,171.0,74.0,Defensa,,
529,Ezequiel Michelli Ponce de León,31.0,31.0,Argentina,Universitario de Vinto,1990-11-20,183.0,82.0,Defensa,Derecha,
530,Kevin Pontons Paz,25.0,33.0,Bolivia,Universitario de Vinto,1997-08-17,,,Defensa,,
531,Marcelo Torrico Cavero,29.0,,Bolivia,Universitario de Vinto,1993-09-01,167.0,,Centrocampista,,
532,Ramiro Mamani Mamani,31.0,8.0,Bolivia,Universitario de Vinto,1991-09-14,172.0,70.0,Centrocampista,,
533,Gilmar Pinto Camacho,19.0,14.0,Bolivia,Universitario de Vinto,2002-11-13,166.0,,Centrocampista,,
534,Wálter Veizaga Argote,34.0,16.0,Bolivia,Universitario de Vinto,1988-07-24,179.0,72.0,Centrocampista,,
535,Roy Aboubacar Ndoutoumo Kone,28.0,17.0,Gabón,Universitario de Vinto,1994-10-16,,,Delantero,,
536,Joel Calicho Laime,27.0,22.0,Bolivia,Universitario de Vinto,1995-02-06,,,Centrocampista,,
537,Jorge Bellido Álvarez,30.0,29.0,Bolivia,Universitario de Vinto,1991-12-24,,,Centrocampista,,
538,Pablo Antonio Laredo Pardo,29.0,30.0,Bolivia,Universitario de Vinto,1993-04-10,,,Defensa,,
539,Anderson Camilo Góngora,21.0,32.0,Bolivia,Universitario de Vinto,2001-10-15,,,Centrocampista,,
540,Adrian Pacheco,17.0,36.0,Bolivia,Universitario de Vinto,2005-02-07,,,Centrocampista,,
541,Luis Ariel Jaldín Torrico,32.0,40.0,Bolivia,Universitario de Vinto,1990-01-05,,,Defensa,,
542,Deymar Céspedes,21.0,44.0,Bolivia,Universitario de Vinto,2001-07-13,,,Centrocampista,,
543,Ary Oliveira,19.0,45.0,Bolivia,Universitario de Vinto,2003-08-19,,,Centrocampista,,
544,Fabio Richard Diaz Pozo,20.0,51.0,Bolivia,Universitario de Vinto,2002-01-31,184.0,66.0,Centrocampista,,
545,Cristián Fernández Fuenzalida,19.0,53.0,Bolivia,Universitario de Vinto,2003-07-10,,,Centrocampista,Derecha,
546,Jorge Luis Añez Torrico,23.0,61.0,Bolivia,Universitario de Vinto,1999-09-09,,,Centrocampista,,
547,Noé Zeballos Hinojosa,22.0,62.0,Bolivia,Universitario de Vinto,2000-11-04,,,Centrocampista,,
548,Álvaro Cuestas Salazar,27.0,66.0,Bolivia,Universitario de Vinto,1995-08-21,174.0,,Defensa,,
549,Diego Albert Villarroel Alvarado,32.0,90.0,Bolivia,Universitario de Vinto,1990-04-19,,,Defensa,,
550,Tony de Padua Medeiros,29.0,,Brasil,Universitario de Vinto,1993-01-02,,,Delantero,Derecha,
551,Rodrigo Vargas Touchard,33.0,7.0,Bolivia,Universitario de Vinto,1989-01-09,177.0,69.0,Delantero,,
552,Rodrigo Andrés Llano Montes,30.0,9.0,Colombia,Universitario de Vinto,1992-10-22,,,Delantero,,
553,Erick Brandón Cano Barao,23.0,10.0,Bolivia,Universitario de Vinto,1999-03-15,,,Centrocampista,,
554,Leonardo Durán Cuellar,22.0,11.0,Bolivia,Universitario de Vinto,2000-01-18,,,Delantero,,
555,René Almanza Villarroel,29.0,15.0,Bolivia,Universitario de Vinto,1993-01-26,,,Delantero,Derecha,
556,Kevin Ríos Parada,24.0,18.0,Bolivia,Universitario de Vinto,1997-11-17,178.0,80.0,Delantero,,
557,Luis Alberto Alí Vega,28.0,20.0,Bolivia,Universitario de Vinto,1994-04-17,170.0,,Delantero,Derecha,
558,Yerco René Vallejos Soreta,27.0,23.0,Bolivia,Universitario de Vinto,1995-03-04,180.0,,Delantero,,
559,Héctor Manuel Cuellar Rosales,22.0,38.0,Bolivia,Universitario de Vinto,2000-08-16,,,Centrocampista,,
560,Lucas Fernando Perez Zamora,19.0,42.0,Bolivia,Universitario de Vinto,2003-12-06,,,Delantero,,
561,José Edwin Herrera Torrico,21.0,52.0,Bolivia,Universitario de Vinto,2001-07-17,179.0,72.0,Delantero,,
562,Gênesis Fernandes de Andrade,31.0,99.0,Brasil,Universitario de Vinto,1991-03-01,180.0,70.0,Delantero,Derecha,
563,Santiago Delgadillo,,1.0,Bolivia,Wilstermann,,,,Portero,,
564,Juan Daniel Sandy Lazcano,21.0,12.0,Bolivia,Wilstermann,2001-10-22,184.0,77.0,Portero,,
565,Arnaldo Andrés Giménez Dos Santos,35.0,13.0,Paraguay,Wilstermann,1987-09-03,195.0,80.0,Portero,,
566,Bruno Rodrigo Poveda Zeballos,19.0,33.0,Bolivia,Wilstermann,2003-10-22,183.0,73.0,Portero,,
567,Maximiliano Iván Ortiz Cuello,33.0,2.0,Bolivia,Wilstermann,1989-11-10,,,Defensa,,
568,Santiago Echeverría,32.0,3.0,Argentina,Wilstermann,1990-03-28,183.0,80.0,Defensa,Izquierda,
569,Luis Francisco Rodríguez Zegada,28.0,4.0,Bolivia,Wilstermann,1994-08-22,173.0,68.0,Defensa,Izquierda,
570,Ronny Fernando Montero Martínez,31.0,16.0,Bolivia,Wilstermann,1991-05-15,182.0,85.0,Defensa,,Bolivia
571,Luis Carlos Rodríguez Cujuy,20.0,19.0,Bolivia,Wilstermann,2002-10-17,177.0,68.0,Defensa,,
572,Ramiro Daniel Ballivian,30.0,21.0,Bolivia,Wilstermann,1992-08-04,168.0,65.0,Defensa,,
573,Adriel Fernández Sánchez,26.0,23.0,Bolivia,Wilstermann,1996-03-22,177.0,79.0,Centrocampista,,
574,Edgar Alberto Olivares Villarroel,20.0,29.0,Bolivia,Wilstermann,2002-07-31,175.0,70.0,Defensa,,
575,Edemir Rodríguez Mercado,38.0,30.0,Bolivia,Wilstermann,1984-10-21,176.0,70.0,Defensa,Derecha,
576,Alexandro Zenteno Rojas,19.0,42.0,Bolivia,Wilstermann,2003-01-20,171.0,62.0,Centrocampista,,
577,Robson Leandro Dos Santos,30.0,5.0,Brasil,Wilstermann,1992-09-28,180.0,70.0,Centrocampista,,
578,Carlos Enrique Áñez Oliva,27.0,6.0,Bolivia,Wilstermann,1995-06-07,,,Centrocampista,,
579,Cristian Manuel Chávez,36.0,9.0,Argentina,Wilstermann,1986-06-16,169.0,65.0,Centrocampista,Derecha,
580,Vladimir Castellón Colque,33.0,11.0,Bolivia,Wilstermann,1989-12-08,178.0,72.0,Delantero,,
581,Luis José Vargas García,26.0,14.0,Bolivia,Wilstermann,1996-01-31,182.0,68.0,Centrocampista,,
582,Cristhian Machado Pinto,32.0,15.0,Bolivia,Wilstermann,1990-06-20,173.0,77.0,Centrocampista,,
583,José Ariel Núñez Portelli,34.0,17.0,Paraguay,Wilstermann,1988-12-09,172.0,74.0,Delantero,Derecha,
584,Rodrigo Mauricio Vargas Castillo,28.0,20.0,Bolivia,Wilstermann,1994-10-19,169.0,69.0,Delantero,Derecha,
585,Josué Limberth Mamani Tumiri,22.0,25.0,Bolivia,Wilstermann,2000-08-20,,,Centrocampista,,
586,Raúl Castro Peñaloza,33.0,26.0,Bolivia,Wilstermann,1989-08-19,181.0,70.0,Centrocampista,,
587,Rodrigo Gareca Cano,20.0,34.0,Bolivia,Wilstermann,2002-02-25,,,Centrocampista,,
588,Carlos Daniel Pérez Almanza,23.0,36.0,Bolivia,Wilstermann,1999-02-19,,,Centrocampista,,
589,Carlitos Rodriguez,,37.0,Bolivia,Wilstermann,,,,Centrocampista,,
590,Fabricio Mariaca Morales,20.0,38.0,Bolivia,Wilstermann,2002-02-02,166.0,70.0,Centrocampista,,
591,Willie Hortencio Barbosa,29.0,93.0,Brasil,Wilstermann,1993-05-15,169.0,64.0,Delantero,Derecha,
592,José Alfredo Castillo Parada,39.0,99.0,Bolivia,Wilstermann,1983-09-02,182.0,82.0,Delantero,Derecha,
593,Miguel Ángel Alba,34.0,,Argentina,Wilstermann,1988-08-14,178.0,79.0,Delantero,Ambidiestro,
594,Hugo da Conceição Medeiros,24.0,,Brasil,Wilstermann,1998-01-01,176.0,73.0,Delantero,Derecha,
595,Edzon Rigoberto Pérez Torres,29.0,7.0,Bolivia,Wilstermann,1992-12-16,174.0,66.0,Defensa,,
596,Sergio Henrique Francisco,37.0,10.0,Brasil,Wilstermann,1984-12-19,169.0,68.0,Centrocampista,Izquierda,
597,César Alejandro Menacho Claros,23.0,17.0,Bolivia,Wilstermann,1999-09-08,,,Delantero,,
598,Humberto Segundo Osorio Botello,34.0,24.0,Colombia,Wilstermann,1988-06-24,178.0,79.0,Delantero,Derecha,
599,Matheo Henrique Zoch Méndez,26.0,32.0,Bolivia,Wilstermann,1996-12-07,,,Centrocampista,,
600,Claudio Ancieta,18.0,39.0,Bolivia,Wilstermann,2003-01-12,,,Delantero,,
601,Miguel Antonio Bianconi Kohl,30.0,40.0,Brasil,Wilstermann,1992-05-14,191.0,90.0,Delantero,Derecha,
